{
    "players": [
        {
            "id": "1",
            "name": "Dhawan",
            "category": "Batsman",
            "country": "India",
            "image": "https://www.cricbuzz.com/a/img/v1/152x152/i1/c170660/shikhar-dhawan.jpg"
        },
        {
            "id": "2",
            "name": "Dhoni",
            "category": "Keeper Batsman",
            "country": "India",
            "image": "https://www.cricbuzz.com/a/img/v1/152x152/i1/c170677/ms-dhoni.jpg"
        },
        {
            "id": "3",
            "name": "Virat",
            "category": "Batsman",
            "country": "India",
            "image": "https://www.cricbuzz.com/a/img/v1/152x152/i1/c170661/virat-kohli.jpg"
        }
    ]
}